{
  "tenantId": "dl",
  "moduleName": "ws-services-calculation",
  "userTypeV2": [
    {
      "code": "BSES_RAJDHANI",
      "name": "B.S.E.S. RAJDHANI",
      "active": true
    },
    {
      "code": "BSES_YAMUNA",
      "name": "B.S.E.S. YAMUNA",
      "active": true
    },
    {
      "code": "BANQUET_PARTY_HALL",
      "name": "Banquet hall/ Party hall",
      "active": true
    },
    {
      "code": "BEAUTY_PARLORS",
      "name": "Beauty Parlors",
      "active": true
    },
    {
      "code": "BLIND_SCHOOLS",
      "name": "Blind Schools",
      "active": true
    },
    {
      "code": "BOTTLING_PLANT",
      "name": "Bottling Plant",
      "active": true
    },
    {
      "code": "CPWD",
      "name": "C.P.W.D.",
      "active": true
    },
    {
      "code": "CENTRAL_GOVT_OFFICES",
      "name": "Central Govt. Offices",
      "active": true
    },
    {
      "code": "CINEPLEX",
      "name": "Cineplex",
      "active": true
    },
    {
      "code": "CLINIC_PATHLAB",
      "name": "Clinic/Pathlab",
      "active": true
    },
    {
      "code": "COOP_GROUP_HOUSING",
      "name": "Co-operative Group Housing Society",
      "active": true
    },
    {
      "code": "COLD_STORAGE",
      "name": "Cold Storage",
      "active": true
    },
    {
      "code": "COLOUR_DYE_FACTORY",
      "name": "Colour Dye shop/factory",
      "active": true
    },
    {
      "code": "COOLING_PLANT",
      "name": "Cooling Plant",
      "active": true
    },
    {
      "code": "COURTS",
      "name": "Courts",
      "active": true
    },
    {
      "code": "DSIIDC",
      "name": "D.S.I.I.D.C",
      "active": true
    },
    {
      "code": "DELHI_DEVELOPMENT_AUTHORITY",
      "name": "Delhi Development Authority",
      "active": true
    },
    {
      "code": "DELHI_FIRE_SERVICE",
      "name": "Delhi Fire Service (Fire Station)",
      "active": true
    },
    {
      "code": "DELHI_GOVT_OFFICE",
      "name": "Delhi Govt. Office",
      "active": true
    },
    {
      "code": "DELHI_JAL_BOARD",
      "name": "Delhi Jal Board",
      "active": true
    },
    {
      "code": "DMRC",
      "name": "Delhi Metro Rail Corporation",
      "active": true
    },
    {
      "code": "DELHI_TRANSCO",
      "name": "Delhi Transco",
      "active": true
    },
    {
      "code": "DTC",
      "name": "Delhi Transport Corporation",
      "active": true
    },
    {
      "code": "DHABA",
      "name": "Dhaba",
      "active": true
    },
    {
      "code": "DHOBI_GHATS",
      "name": "Dhobi Ghats",
      "active": true
    },
    {
      "code": "DRY_CLEANERS",
      "name": "Dry Cleaners",
      "active": true
    },
    {
      "code": "EDMC_SCHOOLS",
      "name": "EDMC Schools",
      "active": true
    },
    {
      "code": "EAST_MCD",
      "name": "East MCD",
      "active": true
    },
    {
      "code": "FACTORY",
      "name": "Factory",
      "active": true
    },
    {
      "code": "RELIANCE_SAFAL",
      "name": "Fruit & Vegetables Store- Reliance Safal",
      "active": true
    },
    {
      "code": "GOVT_HOSPITALS",
      "name": "Govt. Hospitals/ Dispensary",
      "active": true
    },
    {
      "code": "GOVT_INSTITUTE",
      "name": "Govt. Institute/Collages/ Universities",
      "active": true
    },
    {
      "code": "GOVT_PSU_BANK",
      "name": "Govt. Offices/PSU/Bank",
      "active": true
    },
    {
      "code": "GNCTD_SCHOOLS",
      "name": "Govt. Schools (GNCTD)",
      "active": true
    },
    {
      "code": "GOI_SCHOOLS",
      "name": "Govt. Schools (GOI)",
      "active": true
    },
    {
      "code": "HAIRCUTTING_SALOON",
      "name": "Haircutting Saloon",
      "active": true
    },
    {
      "code": "HOTEL_GUEST_HOUSES",
      "name": "Hotel/Guest houses",
      "active": true
    },
    {
      "code": "ICE_FACTORY",
      "name": "Ice-Cream Factory/Ice Factory",
      "active": true
    },
    {
      "code": "JANTA_FLATS",
      "name": "Janta Flats",
      "active": true
    },
    {
      "code": "JEWELLERY_FACTORY",
      "name": "Jewelery Manufacturing Factory/ Repairing",
      "active": true
    },
    {
      "code": "JUICE_SHOP",
      "name": "Juice Shop",
      "active": true
    },
    {
      "code": "LAB_XRAY",
      "name": "Lab/ X-Ray Units",
      "active": true
    },
    {
      "code": "DUSIB_SLUMS",
      "name": "M.C.D. Slums & J.J.Department/DUSIB",
      "active": true
    },
    {
      "code": "MTNL",
      "name": "M.T.N.L",
      "active": true
    },
    {
      "code": "MALLS",
      "name": "Malls",
      "active": true
    },
    {
      "code": "MILK_DAIRY",
      "name": "Milk Dairy",
      "active": true
    },
    {
      "code": "MOULDING_MACHINE_FACTORY",
      "name": "Moulding Machine Factory",
      "active": true
    },
    {
      "code": "MUTTON_SHOP",
      "name": "Mutton Shop",
      "active": true
    },
    {
      "code": "NDMC_SCHOOLS",
      "name": "NDMC Schools",
      "active": true
    },
    {
      "code": "NICKLE_POLISH",
      "name": "Nickle Polish Works",
      "active": true
    },
    {
      "code": "TDDPL",
      "name": "North Delhi Power Ltd. (TDDPL)",
      "active": true
    },
    {
      "code": "NORTH_MCD",
      "name": "North MCD",
      "active": true
    },
    {
      "code": "OTHERS",
      "name": "Others",
      "active": true
    },
    {
      "code": "PIAOS",
      "name": "Piaos",
      "active": true
    },
    {
      "code": "POLICE_DEPARTMENT",
      "name": "Police Department",
      "active": true
    },
    {
      "code": "PROFESSIONAL_OFFICE",
      "name": "Professional Office(CA , Lawyer, Property)",
      "active": true
    },
    {
      "code": "PVT_HOSPITALS",
      "name": "Pvt. Hospitals & Nursing Homes",
      "active": true
    },
    {
      "code": "PVT_INSTITUTE",
      "name": "Pvt. Institute/Colleges/ Universities",
      "active": true
    },
    {
      "code": "PVT_SCHOOLS",
      "name": "Pvt. Schools",
      "active": true
    },
    {
      "code": "RAILWAYS",
      "name": "Railways",
      "active": true
    },
    {
      "code": "RELIGIOUS_PLACE",
      "name": "Religious Place",
      "active": true
    },
    {
      "code": "RESIDENTIAL",
      "name": "Residential",
      "active": true
    },
    {
      "code": "RESTAURANT",
      "name": "Restaurant",
      "active": true
    },
    {
      "code": "SDMC_SCHOOLS",
      "name": "SDMC Schools",
      "active": true
    },
    {
      "code": "SHOPS",
      "name": "Shops",
      "active": true
    },
    {
      "code": "SODA_WATER_FACTORY",
      "name": "Soda Water Factory",
      "active": true
    },
    {
      "code": "SOFT_DRINK_FACTORY",
      "name": "Soft Drink Factory",
      "active": true
    },
    {
      "code": "SOUTH_MCD",
      "name": "South MCD",
      "active": true
    },
    {
      "code": "SWEET_SHOP",
      "name": "Sweet Shop",
      "active": true
    },
    {
      "code": "TEA_STALL",
      "name": "Tea Stall",
      "active": true
    },
    {
      "code": "AUTOMOBILE_SERVICE",
      "name": "Vehicle/Automobile Service Station",
      "active": true
    },
    {
      "code": "WAREHOUSE_GODOWN",
      "name": "Ware House/Godown",
      "active": true
    }
  ]
}